{"cameraMode":{"drawMode":0,"name":"Shaded","section":"Shading Mode"},"sceneLighting":true,"audioPlay":false,"sceneViewState":{"showFog":true,"showMaterialUpdate":false,"showSkybox":true,"showFlares":true,"showImageEffects":true,"showParticleSystems":true},"in2DMode":false,"pivot":{"x":-2.552032232284546,"y":1.0157198905944825,"z":0.8336753845214844},"rotation":{"x":0.4165132939815521,"y":0.4641862213611603,"z":-0.2626015543937683,"w":0.7363098859786987},"size":3.678506851196289,"orthographic":false}