{"cameraMode":{"drawMode":0,"name":"Shaded","section":"Shading Mode"},"sceneLighting":true,"audioPlay":false,"sceneViewState":{"showFog":true,"showMaterialUpdate":false,"showSkybox":true,"showFlares":true,"showImageEffects":true,"showParticleSystems":true},"in2DMode":false,"pivot":{"x":-1.1617431640625,"y":3.749267578125,"z":0.93994140625},"rotation":{"x":-0.29680025577545168,"y":0.15240108966827393,"z":-0.048100899904966357,"w":-0.9414721727371216},"size":2.884383201599121,"orthographic":true}